1,0,0,0,0,0,0,0,0,0.13197748,8592321,0.047217473,115.40585,15.230973
1,0,0,0,0,0,0,0,0,7.2857141,5956911,0.006712204,14,102
1,0,0,0,0,0,0,0,0,0.19493671,31194436,0.027379479,129.8752,25.317444
1,0,0,0,0,0,0,0,0,0.2513023,51373560,0.023383094,133.70215,33.599659
1,0,0,0,0,0,0,0,0,0.11788003,44934844,0.030960664,180.70677,21.30172
1,0,0,0,0,0,0,0,0,0.14412569,55932644,0.027146695,173.99509,25.07716
1,0,0,0,0,0,0,0,0,0.122807,50972356,0.030154593,184.28006,22.630882
1,0,0,0,0,0,0,0,0,0.20861676,44667180,0.025334151,139.45644,29.092951
1,0,0,0,0,0,0,0,0,0.27131781,69995592,0.019290112,135.50824,36.7658
1,0,0,0,0,0,0,0,0,0.23875432,97876272,0.020098904,160.30836,38.274315
1,0,0,0,0,0,0,0,0,0.16099249,68168024,0.025147587,174.61456,28.111633
1,0,0,0,0,0,0,0,0,0.26202109,90774128,0.018453078,147.30638,38.597378
1,0,0,0,0,0,0,0,0,0.16768743,53299076,0.026154976,160.78586,26.961767
1,0,0,0,0,0,0,0,0,0.17420314,75762008,0.023696018,172.72173,30.088667
1,0,0,0,0,0,0,0,0,0.11779968,45515856,0.030834641,181.27692,21.354362
1,0,0,0,0,0,0,0,0,0.1240591,36597536,0.031922922,167.6095,20.793484
1,0,0,0,0,0,0,0,0,0.18937558,65063060,0.023255028,158.67157,30.048521
1,0,0,0,0,0,0,0,0,0.11188145,34577084,0.034716483,175.05667,19.585594
1,0,0,0,0,0,0,0,0,0.12428381,31265068,0.033040181,160.77521,19.981754
1,0,0,0,0,0,0,0,0,0.19745429,93070512,0.021036388,170.51486,33.668892
1,0,0,0,0,0,0,0,0,0.22180334,1.14E+08,0.019518359,171.11914,37.954796
1,0,0,0,0,0,0,0,0,0.12166859,40006032,0.031275567,172.59998,20.999996
1,0,0,0,0,0,0,0,0,0.12860891,47508228,0.030796064,178.50662,22.957542
1,0,0,0,0,0,0,0,0,0.12872155,47142776,0.030980514,178.35043,22.957544
1,0,0,0,0,0,0,0,0,0.14560966,78121864,0.024517573,187.35989,27.28141
1,0,0,0,0,0,0,0,0,0.185654,73631544,0.023733974,167.5843,31.112698
1,0,0,0,0,0,0,0,0,0.17502032,88248968,0.023089677,179.88834,31.484116
1,0,0,0,0,0,0,0,0,0.16823746,80305040,0.023955787,178.81345,30.08312
1,0,0,0,0,0,0,0,0,0.17424245,1.04E+08,0.021892115,186.67616,32.526913
1,0,0,0,0,0,0,0,0,0.11594833,43254736,0.033020899,183.30573,21.253992
1,0,0,0,0,0,0,0,0,0.10902362,39001688,0.034758609,183.87883,20.047136
1,0,0,0,0,0,0,0,0,0.14814815,66570876,0.02607785,180.27823,26.707886
1,0,0,0,0,0,0,0,0,0.14573354,64900000,0.02668944,181.13327,26.397192
1,0,0,0,0,0,0,0,0,0.10937724,42373480,0.032497872,184.64209,20.195642
1,0,0,0,0,0,0,0,0,0.11048337,42974528,0.032259293,184.43628,20.377142
1,0,0,0,0,0,0,0,0,0.19696973,1.27E+08,0.020108612,186.67616,36.769554
1,0,0,0,0,0,0,0,0,0.21832886,1.34E+08,0.018941233,179.96141,39.290771
1,0,0,0,0,0,0,0,0,0.16483517,1.14E+08,0.020777108,193.04015,31.819805
1,0,0,0,0,0,0,0,0,8.3963413,50700596,0.00355746,22.063665,185.25407
1,0,0,0,0,0,0,0,0,5.1875,1.07E+08,0.003801833,33.941124,176.06958
1,0,0,0,0,0,0,0,0,0.164794,1.05E+08,0.021153964,188.79752,31.112698
1,0,0,0,0,0,0,0,0,0.16558442,90201024,0.022554968,183.14767,30.326401
1,0,0,0,0,0,0,0,0,0.15824857,89179728,0.022932677,186.2589,29.475204
1,0,0,0,0,0,0,0,0,0.20052631,1.16E+08,0.019704193,178.73697,35.841465
1,0,0,0,0,0,0,0,0,4.2166667,1.71E+08,0.003765942,42.426407,178.89801
1,0,0,0,0,0,0,0,0,8.1078844,54834944,0.003445987,22.671373,183.81686
1,0,0,0,0,0,0,0,0,0.24096386,1.49E+08,0.017686207,176.06958,42.426407
1,0,0,0,0,0,0,0,0,0.23968253,1.53E+08,0.017599422,177.79625,42.614655
1,0,0,0,0,0,0,0,0,0.23505974,1.58E+08,0.016609946,177.4838,41.719296
1,0,0,0,0,0,0,0,0,0.25743493,1.37E+08,0.01786897,168.04297,43.260132
1,0,0,0,0,0,0,0,0,0.055230647,2974901,0.12534884,150.01254,8.2852898
1,0,0,0,0,0,0,0,0,0.040949773,3364216.8,0.11525943,167.91635,6.8761363
1,0,0,0,0,0,0,0,0,0.048416674,3908114.5,0.11480052,166.71016,8.0715513
1,0,0,0,0,0,0,0,0,0.037880607,2893430.5,0.11465277,163.6001,6.1972709
1,0,0,0,0,0,0,0,0,0.033811312,3382135.8,0.11238265,177.80042,6.0116653
1,0,0,0,0,0,0,0,0,0.041094694,4624352.5,0.098370448,176.88864,7.2691846
1,0,0,0,0,0,0,0,0,0.040924713,3561120.3,0.096714154,161.44342,6.6070256
1,0,0,0,0,0,0,0,0,0.035480198,4431944.5,0.10903521,189.54617,6.7251358
1,0,0,0,0,0,0,0,0,0.034606531,4325661.5,0.11013577,190.22356,6.5829773
1,0,0,0,0,0,0,0,0,0.033070996,2549104.8,0.11459769,164.06984,5.4259529
1,0,0,0,0,0,0,0,0,0.044400588,5496311,0.092675284,179.00789,7.9480557
1,0,0,0,0,0,0,0,0,0.033013757,4751216,0.098881073,192.33766,6.3497887
1,0,0,0,0,0,0,0,0,0.037133511,4385983,0.095164701,177.7934,6.6020927
1,0,0,0,0,0,0,0,0,0.039646596,4029285.5,0.11542972,180.34465,7.1500511
1,0,0,0,0,0,0,0,0,0.05707049,5193812.5,0.12461301,178.32108,10.176871
1,0,0,0,0,0,0,0,0,0.038337622,3809975.3,0.10868802,175.44846,6.7262764
1,0,0,0,0,0,0,0,0,0.050581854,5538185.5,0.11749282,185.97363,9.4068909
1,0,0,0,0,0,0,0,0,0.028911887,3790929.5,0.10618113,190.93939,5.5204182
1,0,0,0,0,0,0,0,0,0.041635036,4766402,0.10243081,180.32008,7.5076332
1,0,0,0,0,0,0,0,0,0.027228929,3240552.3,0.11570986,190.24341,5.1801243
1,0,0,0,0,0,0,0,0,0.051885489,5005049,0.10840244,173.563,9.0054016
1,0,0,0,0,0,0,0,0,0.032794058,2643616.8,0.12187295,169.99138,5.574707
1,0,0,0,0,0,0,0,0,0.036574859,3612481.8,0.11341478,177.59097,6.4953651
1,0,0,0,0,0,0,0,0,0.040411413,3431009.8,0.1247728,174.31548,7.0443344
1,0,0,0,0,0,0,0,0,0.039328456,3622198.3,0.112983,173.28041,6.8148513
1,0,0,0,0,0,0,0,0,0.039727464,3072981.5,0.11475225,164.33627,6.5286636
1,0,0,0,0,0,0,0,0,0.040711191,3447646.8,0.12472248,174.14375,7.0895996
1,0,0,0,0,0,0,0,0,0.032424688,4089033.5,0.11175591,191.71751,6.2163806
1,0,0,0,0,0,0,0,0,0.030904731,3839068.5,0.11720503,193.8083,5.9895935
1,0,0,0,0,0,0,0,0,0.032592386,2711028.5,0.11515611,168.56146,5.4938202
1,0,0,0,0,0,0,0,0,0.047555797,3944950,0.1087722,165.23752,7.8580017
1,0,0,0,0,0,0,0,0,0.034935188,2888556,0.11675917,169.00241,5.9041309
1,0,0,0,0,0,0,0,0,0.031805541,3873546.8,0.10705559,186.80785,5.941525
1,0,0,0,0,0,0,0,0,0.042638462,5126604,0.11227804,188.9866,8.0580978
1,0,0,0,0,0,0,0,0,0.033977181,4133649,0.097833075,181.21771,6.1572671
1,0,0,0,0,0,0,0,0,0.045907389,5041363.5,0.12040338,187.68289,8.6160316
1,0,0,0,0,0,0,0,0,0.038812425,4255655.5,0.11036393,182.22066,7.0724258
1,0,0,0,0,0,0,0,0,0.058107171,6792568.5,0.11532882,188.90236,10.976582
1,0,0,0,0,0,0,0,0,0.037212752,3503908,0.10056321,167.91521,6.2485867
1,0,0,0,0,0,0,0,0,0.036950853,3030344.8,0.11959641,169.89682,6.2778325
1,0,0,0,0,0,0,0,0,0.039197259,3345225.8,0.11633714,170.58966,6.6866469
1,0,0,0,0,0,0,0,0,0.037555568,4010202.8,0.10087211,175.28485,6.582922
1,0,0,0,0,0,0,0,0,0.050385371,6092018,0.11556213,191.16751,9.6320457
1,0,0,0,0,0,0,0,0,0.036483519,3247226,0.11749049,173.56528,6.3322721
1,0,0,0,0,0,0,0,0,0.039576638,2794425,0.11788575,160.85268,6.3660083
1,0,0,0,0,0,0,0,0,0.03261245,3089057,0.10617312,171.32037,5.5871773
1,0,0,0,0,0,0,0,0,0.038321164,3803570.8,0.10914651,175.62144,6.7300181
1,0,0,0,0,0,0,0,0,0.036155455,3622766.3,0.10168608,172.06769,6.2211857
1,0,0,0,0,0,0,0,0,0.052899599,6610813,0.095484056,181.37097,9.5944519
1,0,0,0,0,0,0,0,0,0.23478261,992631.81,0.060673077,50.430828,11.840281
0,1,0,0,0,0,0,0,0,1.501003,73423544,0.00877717,59.876915,89.875427
0,1,0,0,0,0,0,0,0,2.4000001,64653264,0.00676532,45,108
0,1,0,0,0,0,0,0,0,2.5999999,51357340,0.006480086,40,104
0,1,0,0,0,0,0,0,0,0.60705328,2.90E+08,0.009805965,132.75085,80.586845
0,1,0,0,0,0,0,0,0,1.0111732,8.47E+08,0.004842653,126.57211,127.98633
0,1,0,0,0,0,0,0,0,1.0428742,6.71E+08,0.005069295,117.70514,122.75166
0,1,0,0,0,0,0,0,0,0.95231205,5.70E+08,0.005617526,118.87141,113.20268
0,1,0,0,0,0,0,0,0,1.0545454,6.51E+08,0.005144416,116.67261,123.03657
0,1,0,0,0,0,0,0,0,1.0114943,7.43E+08,0.005072109,123.03657,124.45079
0,1,0,0,0,0,0,0,0,0.98999995,1.02E+09,0.004695574,134.16408,132.82243
0,1,0,0,0,0,0,0,0,1.0778444,7.15E+08,0.004965117,118.08683,127.27922
0,1,0,0,0,0,0,0,0,0.95842451,7.72E+08,0.005054207,126.74899,121.47934
0,1,0,0,0,0,0,0,0,0.90559435,6.91E+08,0.005481644,127.90309,115.82832
0,1,0,0,0,0,0,0,0,1.0826446,8.01E+08,0.004789108,121,131
0,1,0,0,0,0,0,0,0,1.0224718,8.22E+08,0.004960727,125.86501,128.69342
0,1,0,0,0,0,0,0,0,1.0411766,7.10E+08,0.005097421,120.20815,125.1579
0,1,0,0,0,0,0,0,0,1.0828403,7.72E+08,0.004788902,119.50104,129.40054
0,1,0,0,0,0,0,0,0,0.98961425,7.55E+08,0.005140612,125.15866,123.8588
0,1,0,0,0,0,0,0,0,0.91843969,6.71E+08,0.005492819,126.11423,115.82831
0,1,0,0,0,0,0,0,0,1.1030234,6.77E+08,0.004870868,114.33694,126.11633
0,1,0,0,0,0,0,0,0,0.97159094,6.73E+08,0.005564756,124.45079,120.91526
0,1,0,0,0,0,0,0,0,1.0538923,6.84E+08,0.00507651,118.08683,124.45079
0,1,0,0,0,0,0,0,0,1.0496895,6.13E+08,0.005050998,113.84418,119.50105
0,1,0,0,0,0,0,0,0,1.1282052,6.19E+08,0.004896352,110.30865,124.45079
0,1,0,0,0,0,0,0,0,0.85977006,7.34E+08,0.005449926,132.50269,113.92184
0,1,0,0,0,0,0,0,0,1.043094,6.48E+08,0.005009777,115.87338,120.86683
0,1,0,0,0,0,0,0,0,1.1136363,9.68E+08,0.004435857,124.45079,138.59291
0,1,0,0,0,0,0,0,0,1.1435319,7.32E+08,0.004798577,115.36985,131.92911
0,1,0,0,0,0,0,0,0,0.97159082,7.10E+08,0.005274782,124.45079,120.91525
0,1,0,0,0,0,0,0,0,0.9360466,6.34E+08,0.005311046,121.62235,113.84419
0,1,0,0,0,0,0,0,0,0.92906845,6.69E+08,0.00528036,123.85934,115.0738
0,1,0,0,0,0,0,0,0,1.0376345,1.01E+09,0.004658935,131.52185,136.4716
0,1,0,0,0,0,0,0,0,1.0822103,6.63E+08,0.005080884,115.88094,125.40754
0,1,0,0,0,0,0,0,0,1.0532359,8.20E+08,0.004826727,123.42041,129.9908
0,1,0,0,0,0,0,0,0,1.0559285,8.56E+08,0.004703736,123.97549,130.90924
0,1,0,0,0,0,0,0,0,1.0350878,7.47E+08,0.004898535,120.91525,125.1579
0,1,0,0,0,0,0,0,0,0.95454544,7.15E+08,0.00514477,124.45079,118.79394
0,1,0,0,0,0,0,0,0,1.0621116,6.20E+08,0.005054616,113.84419,120.91525
0,1,0,0,0,0,0,0,0,0.96350366,9.77E+08,0.005073626,137,132
0,1,0,0,0,0,0,0,0,1.0111732,8.47E+08,0.004842653,126.57211,127.98633
0,1,0,0,0,0,0,0,0,1.0661765,8.12E+08,0.00472824,121.64209,129.69194
0,1,0,0,0,0,0,0,0,0.96045196,7.30E+08,0.005157119,125.1579,120.20815
0,1,0,0,0,0,0,0,0,0.99999988,9.17E+08,0.004802682,130.10765,130.10764
0,1,0,0,0,0,0,0,0,0.97627121,9.17E+08,0.004889948,131.92801,128.79752
0,1,0,0,0,0,0,0,0,1.1212121,7.60E+08,0.004684723,116.67262,130.81476
0,1,0,0,0,0,0,0,0,1.1461186,7.88E+08,0.004727351,117.57573,134.75574
0,1,0,0,0,0,0,0,0,1.1250954,5.84E+08,0.004973128,108.87263,122.4921
0,1,0,0,0,0,0,0,0,1.0058478,6.92E+08,0.005141027,120.91526,121.62235
0,1,0,0,0,0,0,0,0,0.91556734,6.71E+08,0.005429371,125.76426,115.14565
0,1,0,0,0,0,0,0,0,1.056962,5.63E+08,0.005232286,111.72287,118.08683
0,1,0,0,0,0,0,0,0,0.97537535,5.66E+08,0.005543593,117.14898,114.26423
0,1,0,0,0,0,0,0,0,1.0324676,4.96E+08,0.005380445,108.89443,112.42998
0,1,0,0,0,0,0,0,0,0.97540045,4.62E+08,0.005710714,110.55322,107.83366
0,1,0,0,0,0,0,0,0,1.1132076,6.21E+08,0.005097558,112.42998,125.1579
0,1,0,0,0,0,0,0,0,0.97023815,6.04E+08,0.005389118,118.79394,115.25841
0,1,0,0,0,0,0,0,0,1.0500349,7.05E+08,0.005031699,119.09248,125.05125
0,1,0,0,0,0,0,0,0,0.95642024,9.89E+08,0.004888684,136.20973,130.27374
0,1,0,0,0,0,0,0,0,1.0170455,7.78E+08,0.005041533,124.45079,126.57211
0,1,0,0,0,0,0,0,0,0.99202126,6.14E+08,0.005434532,118.90163,117.95294
0,1,0,0,0,0,0,0,0,1.0117646,6.83E+08,0.005149421,120.20815,121.62235
0,1,0,0,0,0,0,0,0,1.0943395,6.31E+08,0.004926228,112.42998,123.03657
0,1,0,0,0,0,0,0,0,1.0632185,7.36E+08,0.005379648,123.03657,130.81476
0,1,0,0,0,0,0,0,0,0.92267704,6.97E+08,0.005308427,126.0798,116.33094
0,1,0,0,0,0,0,0,0,1.0674845,6.52E+08,0.005010609,115.25841,123.03657
0,1,0,0,0,0,0,0,0,0.91707325,6.21E+08,0.005495593,123,112.80001
0,1,0,0,0,0,0,0,0,1.0936041,5.94E+08,0.005312741,113.02833,123.60824
0,1,0,0,0,0,0,0,0,1,1.08E+09,0.006114262,149,149
0,1,0,0,0,0,0,0,0,0.89473683,9.22E+08,0.006264152,147.78529,132.22894
0,1,0,0,0,0,0,0,0,2.0123966,1.84E+08,0.005255159,62.19685,125.16473
0,1,0,0,0,0,0,0,0,1.075,7.84E+08,0.004739214,120,129
0,1,0,0,0,0,0,0,0,0.80002886,9.76E+08,0.005342778,148.24185,118.59776
0,1,0,0,0,0,0,0,0,0.84803867,1.01E+09,0.005483878,148.29221,125.75752
0,1,0,0,0,0,0,0,0,0.87389272,1.05E+09,0.005359364,147.50633,128.90471
0,1,0,0,0,0,0,0,0,0.76855338,1.02E+09,0.005737149,155.91234,119.82696
0,1,0,0,0,0,0,0,0,0.79761732,1.10E+09,0.005521379,155.93871,124.37941
0,1,0,0,0,0,0,0,0,1.0642858,1.26E+09,0.0046213,140,149
0,1,0,0,0,0,0,0,0,1.0534351,9.85E+08,0.004809304,131,138
0,1,0,0,0,0,0,0,0,1.2465754,4.56E+08,0.005134369,97.939774,122.08931
0,1,0,0,0,0,0,0,0,1.2212963,6.33E+08,0.004919419,108.40728,132.39742
0,1,0,0,0,0,0,0,0,1.3611114,2.43E+08,0.00566049,79.689384,108.46613
0,1,0,0,0,0,0,0,0,0.87,2.37E+08,0.00734179,100,87
0,1,0,0,0,0,0,0,0,0.96124029,5.27E+08,0.005599162,115.3811,110.90897
0,1,0,0,0,0,0,0,0,0.83933049,4.62E+08,0.006483507,121.33388,101.83923
0,1,0,0,0,0,0,0,0,1.2171946,4.57E+08,0.005143359,98.834198,120.30045
0,1,0,0,0,0,0,0,0,1.0859107,5.21E+08,0.005274804,108.14929,117.44048
0,1,0,0,0,0,0,0,0,0.96178335,4.54E+08,0.005795188,111.01576,106.77311
0,1,0,0,0,0,0,0,0,1.5250001,2.98E+08,0.005239248,79.999985,121.99998
0,1,0,0,0,0,0,0,0,0.59090906,20980150,0.016194737,66,39
0,1,0,0,0,0,0,0,0,0.59375,18893556,0.016476305,64,38
0,1,0,0,0,0,0,0,0,0.5633803,25914368,0.015562024,71,40
0,1,0,0,0,0,0,0,0,0.55844158,32905346,0.01549578,77,43
0,1,0,0,0,0,0,0,0,0.48809522,35756240,0.016181568,84,41
0,1,0,0,0,0,0,0,0,2.0643082,38815568,0.007533679,41.374825,85.410393
0,1,0,0,0,0,0,0,0,0.70491803,22627420,0.014142399,61,43
0,1,0,0,0,0,0,0,0,0.56637168,19391072,0.017165985,66.483368,37.654297
0,1,0,0,0,0,0,0,0,0.53846151,53427136,0.012974516,86.34214,46.49192
0,1,0,0,0,0,0,0,0,0.55056179,63995072,0.012129965,89,49
0,1,0,0,0,0,0,0,0,0.52777779,1.23E+08,0.010825397,108,57
0,1,0,0,0,0,0,0,0,1.8482587,1.14E+08,0.005978713,56.851387,105.07607
0,0,1,0,0,0,0,0,0,1.5614035,79402888,0.007283387,57,89
0,0,1,0,0,0,0,0,0,1.6037736,66486404,0.00718237,53,85
0,0,1,0,0,0,0,0,0,1.6471632,62103224,0.007062363,51.06216,84.107712
0,0,1,0,0,0,0,0,0,1.6603774,72430528,0.006825631,53,88
0,0,1,0,0,0,0,0,0,1.6326531,52324400,0.00734189,49,80
0,0,1,0,0,0,0,0,0,1.6122448,51008876,0.007437097,49,79
0,0,1,0,0,0,0,0,0,1.5599999,43519696,0.007966341,48.076191,74.998856
0,0,1,0,0,0,0,0,0,1.6055557,31638942,0.008444568,43.65641,70.092796
0,0,1,0,0,0,0,0,0,1.4821428,67244760,0.00774151,56,83
0,0,1,0,0,0,0,0,0,1.7142856,37633508,0.007835726,44.141483,75.671112
0,0,1,0,0,0,0,0,0,1.4482758,74551952,0.007580646,58,84
0,0,1,0,0,0,0,0,0,1.6989796,48212792,0.007570955,47.53698,80.764359
0,0,1,0,0,0,0,0,0,1.4893616,35969632,0.008597809,47,70
0,0,1,0,0,0,0,0,0,1.7730262,67488904,0.006558899,49.977291,88.611046
0,0,1,0,0,0,0,0,0,1.735849,78659392,0.006570811,53,92
0,0,1,0,0,0,0,0,0,0.6123457,1.16E+08,0.009979366,98.226921,60.148834
0,0,1,0,0,0,0,0,0,1.5483871,1.19E+08,0.006206469,62,96
0,0,1,0,0,0,0,0,0,1.7123657,1.44E+08,0.00562567,61.904541,106.00321
0,0,1,0,0,0,0,0,0,1.6603774,73065040,0.006766355,53,88
0,0,1,0,0,0,0,0,0,1.8373984,1.46E+08,0.00561271,60.663227,111.46252
0,0,1,0,0,0,0,0,0,1.6031746,1.21E+08,0.006604526,63,101
0,0,1,0,0,0,0,0,0,1.7864524,1.37E+08,0.005580854,59.750107,106.74072
0,0,1,0,0,0,0,0,0,0.56554031,1.20E+08,0.010208581,102.59512,58.021675
0,0,1,0,0,0,0,0,0,0.58011049,1.25E+08,0.009961494,102.38907,59.396973
0,0,1,0,0,0,0,0,0,1.5807129,1.02E+08,0.006421551,59.164562,93.522186
0,0,1,0,0,0,0,0,0,1.5950412,1.00E+08,0.006447076,58.693623,93.618744
0,0,1,0,0,0,0,0,0,1.6545454,85083048,0.006470737,55,91
0,0,1,0,0,0,0,0,0,0.61434978,1.19E+08,0.009892211,98.504936,60.516483
0,0,1,0,0,0,0,0,0,1.7568389,1.27E+08,0.005635203,58.85331,103.39578
0,0,1,0,0,0,0,0,0,1.7068965,1.14E+08,0.005856337,58,99
0,0,1,0,0,0,0,0,0,0.66796368,77570072,0.010629949,85.142715,56.872242
0,0,1,0,0,0,0,0,0,1.4482107,81262944,0.007186744,58.639149,84.921844
0,0,1,0,0,0,0,0,0,1.2884616,40514540,0.008943357,52,67
0,0,1,0,0,0,0,0,0,1.7446809,51022644,0.007100299,47,82
0,0,1,0,0,0,0,0,0,0.57420921,47466184,0.012670132,80.603722,46.283401
0,0,1,0,0,0,0,0,0,1.5535715,74645904,0.007310032,56,87
0,0,1,0,0,0,0,0,0,0.5586592,59290472,0.01233581,86.827751,48.507122
0,0,1,0,0,0,0,0,0,1.4912281,74069968,0.007456868,57,85
0,0,1,0,0,0,0,0,0,0.61360723,32339490,0.013436217,70.745132,43.409725
0,0,1,0,0,0,0,0,0,0.55126148,50986432,0.012773246,83.905304,46.253761
0,0,1,0,0,0,0,0,0,1.54,51044932,0.007542375,50,77
0,0,1,0,0,0,0,0,0,1.5294118,53878704,0.007530916,51,78
0,0,1,0,0,0,0,0,0,1.5294118,53775988,0.007545301,51,78
0,0,1,0,0,0,0,0,0,1.8905948,60086316,0.006604293,47.169125,89.177704
0,0,1,0,0,0,0,0,0,0.54545462,39796036,0.01403816,80.005615,43.639431
0,0,1,0,0,0,0,0,0,0.63737702,54565116,0.011641754,79.280983,50.531876
0,0,1,0,0,0,0,0,0,1.3114754,75162640,0.007920956,61,80
0,0,1,0,0,0,0,0,0,0.73359078,75567800,0.010667094,81.902977,60.083271
0,0,1,0,0,0,0,0,0,1.6828192,83653624,0.006714087,55.055588,92.648605
0,0,1,0,0,0,0,0,0,0.62536871,59441412,0.011695066,82.219574,51.417549
0,0,1,0,0,0,0,0,0,1.8594218,57559504,0.006944703,47.546761,88.409485
0,0,1,0,0,0,0,0,0,1.8085107,54226072,0.006925267,47,85
0,0,1,0,0,0,0,0,0,1.5724022,47313016,0.007699726,48.747696,76.650986
0,0,1,0,0,0,0,0,0,1.8222222,45609840,0.007281323,45,82
0,0,1,0,0,0,0,0,0,1.744186,36401600,0.007619171,43,75
0,0,1,0,0,0,0,0,0,0.57081544,37249824,0.013780233,76.609924,43.730129
0,0,1,0,0,0,0,0,0,1.7777778,43883596,0.007383169,45,80
0,0,1,0,0,0,0,0,0,0.65408415,40368388,0.012493265,72.780983,47.604885
0,0,1,0,0,0,0,0,0,1.5217391,36481224,0.008120342,46,70
0,0,1,0,0,0,0,0,0,0.64550269,1.72E+08,0.009105578,106.72526,68.891441
0,0,1,0,0,0,0,0,0,1.4936709,2.70E+08,0.005463916,79,118
0,0,1,0,0,0,0,0,0,0.62766403,1.54E+08,0.009149116,103.94528,65.242714
0,0,1,0,0,0,0,0,0,1.7123288,2.79E+08,0.004774605,73,125
0,0,1,0,0,0,0,0,0,1.6973846,4.04E+08,0.004336395,80.199821,136.12994
0,0,1,0,0,0,0,0,0,1.4787234,4.21E+08,0.004985097,89.176224,131.86697
0,0,1,0,0,0,0,0,0,1.5724022,47313016,0.007699726,48.747696,76.650986
0,0,1,0,0,0,0,0,0,1,1.49E+09,0.004447911,149,149
0,0,1,0,0,0,0,0,0,0.90727735,1.30E+09,0.004798927,151.03711,137.03255
0,0,1,0,0,0,0,0,0,1.2103747,1.15E+09,0.004488963,128.87256,155.98409
0,0,1,0,0,0,0,0,0,1.0404041,1.30E+09,0.004402058,140.00714,145.664
0,0,1,0,0,0,0,0,0,0.97600925,1.29E+09,0.004804063,146.87592,143.35225
0,0,1,0,0,0,0,0,0,0.55851179,1.14E+09,0.006835644,190.97437,106.66143
0,0,1,0,0,0,0,0,0,0.59711212,1.14E+09,0.006359504,182.61281,109.04032
0,0,1,0,0,0,0,0,0,1.178638,1.17E+09,0.004610121,131.64279,155.15919
0,0,1,0,0,0,0,0,0,2.3221009,6.28E+08,0.003979927,81.347183,188.89636
0,0,1,0,0,0,0,0,0,0.57157642,1.00E+09,0.007031076,183.34883,104.79787
0,0,1,0,0,0,0,0,0,1.2556901,1.05E+09,0.004952368,127.39001,159.96237
0,0,1,0,0,0,0,0,0,1.0371583,1.40E+09,0.004582746,145.711,151.12537
0,0,1,0,0,0,0,0,0,0.74527025,1.15E+09,0.006173856,168.04895,125.24188
0,0,1,0,0,0,0,0,0,1,1.44E+09,0.004604507,149,149
0,0,1,0,0,0,0,0,0,1.5774648,1.94E+08,0.005818366,71,112
0,0,1,0,0,0,0,0,0,1.7777778,2.72E+08,0.004885119,72,128
0,0,1,0,0,0,0,0,0,0.97177422,4.39E+08,0.006034679,110.90897,107.77847
0,0,1,0,0,0,0,0,0,1.5584416,2.58E+08,0.005507559,76.999985,119.99998
0,0,1,0,0,0,0,0,0,1.6811594,1.86E+08,0.005953887,69,116
0,0,1,0,0,0,0,0,0,0.61564058,3.48E+08,0.008420984,133.46405,82.165886
0,0,1,0,0,0,0,0,0,0.67843586,4.22E+08,0.007100307,130.24292,88.361465
0,0,1,0,0,0,0,0,0,1.455927,4.69E+08,0.004719345,91.248184,132.85069
0,0,1,0,0,0,0,0,0,1.9117647,2.41E+08,0.004995115,68,130
0,0,1,0,0,0,0,0,0,1.4163135,2.56E+08,0.005694975,80.177261,113.55614
0,0,1,0,0,0,0,0,0,1,4.69E+08,0.005886087,111.30547,111.30547
0,0,1,0,0,0,0,0,0,0.74871796,4.08E+08,0.006891048,123.32882,92.338501
0,0,1,0,0,0,0,0,0,1.4444444,4.17E+08,0.00504683,90,130
0,0,1,0,0,0,0,0,0,1.6665773,4.34E+08,0.004363132,82.823997,138.03259
0,0,1,0,0,0,0,0,0,0.66357309,4.40E+08,0.007201076,133.67917,88.705902
0,0,1,0,0,0,0,0,0,1.7564102,3.68E+08,0.004529993,78,137
0,0,1,0,0,0,0,0,0,1.8205128,4.01E+08,0.004309923,78,142
0,0,1,0,0,0,0,0,0,1.5842696,5.23E+08,0.004270244,89,141
0,0,1,0,0,0,0,0,0,1.5194292,6.55E+08,0.004155137,96.373459,146.43265
0,0,1,0,0,0,0,0,0,1.6367924,3.68E+08,0.004899039,81.936722,134.1134
0,0,0,1,0,0,0,0,0,0.45121431,2.35E+08,0.010791279,141.20886,63.715462
0,0,0,1,0,0,0,0,0,2.0439103,2.70E+08,0.004955047,68.897186,140.81967
0,0,0,1,0,0,0,0,0,0.41713434,3.46E+08,0.010668216,164.20108,68.493912
0,0,0,1,0,0,0,0,0,0.37200305,4.98E+08,0.010090826,189.0509,70.327515
0,0,0,1,0,0,0,0,0,0.42642486,5.50E+08,0.009280632,181.55913,77.421326
0,0,0,1,0,0,0,0,0,2.6185567,4.51E+08,0.003744309,68.589355,179.60512
0,0,0,1,0,0,0,0,0,2.0866141,4.89E+08,0.004265903,79.336273,165.54419
0,0,0,1,0,0,0,0,0,2.3518522,5.23E+08,0.00400385,76.367523,179.60512
0,0,0,1,0,0,0,0,0,0.38799998,4.03E+08,0.01063608,176.7767,68.589355
0,0,0,1,0,0,0,0,0,2.1811893,4.40E+08,0.004459037,76.637856,167.16167
0,0,0,1,0,0,0,0,0,0.42045462,6.03E+08,0.009072898,186.67616,78.488853
0,0,0,1,0,0,0,0,0,2.4722226,5.72E+08,0.003851353,76.367523,188.79752
0,0,0,1,0,0,0,0,0,0.40179464,3.35E+08,0.011079066,166.58923,66.934662
0,0,0,1,0,0,0,0,0,0.39999995,3.81E+08,0.010928557,173.24117,69.296455
0,0,0,1,0,0,0,0,0,0.42212185,6.54E+08,0.008917945,190.49292,80.411224
0,0,0,1,0,0,0,0,0,0.40885746,4.87E+08,0.009982457,181.11383,74.049744
0,0,0,1,0,0,0,0,0,0.42600903,5.92E+08,0.009200416,185.54723,79.044792
0,0,0,1,0,0,0,0,0,0.39288622,4.26E+08,0.010230494,176.9937,69.538383
0,0,0,1,0,0,0,0,0,2.4074078,5.57E+08,0.003850153,76.367523,183.84776
0,0,0,1,0,0,0,0,0,2.5701756,4.40E+08,0.004002088,69.98922,179.88458
0,0,0,1,0,0,0,0,0,0.39138579,2.09E+08,0.012194845,148.10495,57.966171
0,0,0,1,0,0,0,0,0,2.5928898,4.84E+08,0.00390458,71.437027,185.22833
0,0,0,1,0,0,0,0,0,0.42540491,5.86E+08,0.008922673,183.19185,77.93071
0,0,0,1,0,0,0,0,0,0.37962967,4.70E+08,0.010326063,185.53442,70.434372
0,0,0,1,0,0,0,0,0,0.42082885,5.99E+08,0.009360833,188.20001,79.199997
0,0,0,1,0,0,0,0,0,0.37500006,4.65E+08,0.010501567,186.67616,70.003571
0,0,0,1,0,0,0,0,0,0.41456881,4.46E+08,0.010064672,175.6326,72.811798
0,0,0,1,0,0,0,0,0,0.38458598,4.25E+08,0.010387886,179.03755,68.855331
0,0,0,1,0,0,0,0,0,0.37051791,3.43E+08,0.012066152,177.4838,65.760925
0,0,0,1,0,0,0,0,0,0.36352202,2.34E+08,0.012742622,160.02748,58.173515
0,0,0,1,0,0,0,0,0,0.46685883,1.64E+08,0.012201883,128.87256,60.165291
0,0,0,1,0,0,0,0,0,0.95454556,4.17E+08,0.005912493,108.89443,103.94469
0,0,0,1,0,0,0,0,0,0.94529223,3.00E+08,0.006362487,100.32989,94.841064
0,0,0,1,0,0,0,0,0,0.97972965,3.65E+08,0.006150224,104.6518,102.53047
0,0,0,1,0,0,0,0,0,0.94332713,4.19E+08,0.005893106,109.40002,103.2
0,0,0,1,0,0,0,0,0,0.99302465,4.95E+08,0.005678156,112.27527,111.49211
0,0,0,1,0,0,0,0,0,1.0045817,5.60E+08,0.00559449,115.9938,116.52525
0,0,0,1,0,0,0,0,0,0.98259187,3.67E+08,0.006076781,104.33156,102.51534
0,0,0,1,0,0,0,0,0,1.0060607,6.21E+08,0.005146569,116.67261,117.37972
0,0,0,1,0,0,0,0,0,0.91447365,6.41E+08,0.005400221,123.68748,113.10895
0,0,0,1,0,0,0,0,0,1.0372672,5.86E+08,0.005222192,113.84418,118.08683
0,0,0,1,0,0,0,0,0,0.95963955,5.97E+08,0.005495904,119.56454,114.73886
0,0,0,1,0,0,0,0,0,0.94674557,6.16E+08,0.005246345,119.50105,113.13708
0,0,0,1,0,0,0,0,0,0.95687801,7.10E+08,0.005225674,124.67021,119.29418
0,0,0,1,0,0,0,0,0,1.0792402,6.16E+08,0.005182622,113.95444,122.98422
0,0,0,1,0,0,0,0,0,0.93915135,2.79E+08,0.006727953,99.964447,93.881744
0,0,0,1,0,0,0,0,0,1.1570792,4.57E+08,0.00563489,103.60107,119.87465
0,0,0,1,0,0,0,0,0,1.362745,5.89E+08,0.004906775,102,139
0,0,0,1,0,0,0,0,0,1.0370371,2.94E+08,0.006142811,95.459404,98.994949
0,0,0,1,0,0,0,0,0,1.0177515,6.85E+08,0.005071171,119.50104,121.62235
0,0,0,1,0,0,0,0,0,1.0140846,3.38E+08,0.006072184,100.40916,101.82338
0,0,0,1,0,0,0,0,0,0.68033272,5.12E+08,0.00698792,138.04976,93.919769
0,0,0,1,0,0,0,0,0,1.0114286,7.55E+08,0.005079314,123.74368,125.1579
0,0,0,1,0,0,0,0,0,1.0604026,4.60E+08,0.005391394,105.35891,111.72287
0,0,0,1,0,0,0,0,0,0.97515523,5.23E+08,0.005500247,113.84419,111.01576
0,0,0,1,0,0,0,0,0,1.0061727,5.82E+08,0.005197657,114.5513,115.25839
0,0,0,1,0,0,0,0,0,0.99408275,6.44E+08,0.005269507,119.50105,118.79393
0,0,0,1,0,0,0,0,0,0.91975319,4.93E+08,0.005610122,114.55128,105.35891
0,0,0,1,0,0,0,0,0,0.93835616,3.20E+08,0.006451861,103.23759,96.873627
0,0,0,1,0,0,0,0,0,1.0445861,5.31E+08,0.005385025,111.01576,115.96552
0,0,0,1,0,0,0,0,0,0.90137738,5.58E+08,0.005903021,122.25581,110.19862
0,0,0,1,0,0,0,0,0,0.90149355,4.28E+08,0.006193192,113.7164,102.5146
0,0,0,1,0,0,0,0,0,1,7.00E+08,0.005323868,123.03657,123.03657
0,0,0,1,0,0,0,0,0,0.98896027,7.64E+08,0.004980394,124.37625,123.00317
0,0,0,1,0,0,0,0,0,0.98857141,7.59E+08,0.004938848,123.74368,122.32946
0,0,0,1,0,0,0,0,0,0.94856781,7.20E+08,0.005402783,127.06193,120.52686
0,0,0,1,0,0,0,0,0,0.89944136,6.75E+08,0.005405349,126.57211,113.84419
0,0,0,1,0,0,0,0,0,0.95833331,3.23E+08,0.006270618,101.82338,97.580734
0,0,0,1,0,0,0,0,0,0.95890415,3.41E+08,0.006185034,103.23759,98.994949
0,0,0,1,0,0,0,0,0,1.0408452,5.44E+08,0.005215135,110.88337,115.41241
0,0,0,1,0,0,0,0,0,1.0943953,2.93E+08,0.006198444,94.02169,102.8969
0,0,0,1,0,0,0,0,0,1,3.18E+08,0.006229981,99.702057,99.702057
0,0,0,1,0,0,0,0,0,1.0068027,3.92E+08,0.005767096,103.94469,104.6518
0,0,0,1,0,0,0,0,0,0.96745133,3.02E+08,0.006272668,99.291748,96.059937
0,0,0,1,0,0,0,0,0,1.1705459,3.95E+08,0.005760464,99.062126,115.95676
0,0,0,1,0,0,0,0,0,0.89403379,4.87E+08,0.006149817,118.77854,106.19203
0,0,0,1,0,0,0,0,0,0.90886736,5.74E+08,0.005771094,122.16756,111.0341
0,0,0,1,0,0,0,0,0,0.93843633,5.69E+08,0.00576407,120.44559,113.03052
0,0,0,1,0,0,0,0,0,1.0514286,8.15E+08,0.004891561,123.74368,130.10764
0,0,0,1,0,0,0,0,0,0.87757438,3.73E+08,0.00660004,111.90424,98.204292
0,0,0,1,0,0,0,0,0,0.87849253,4.07E+08,0.006461897,114.39297,100.49338
0,0,0,1,0,0,0,0,0,1,4.40E+08,0.005985966,109.60154,109.60154
0,0,0,1,0,0,0,0,0,0.90059811,4.50E+08,0.006158349,115.42831,103.95451
0,0,0,1,0,0,0,0,0,0.94512194,5.14E+08,0.00573738,115.9655,109.60154
0,0,0,1,0,0,0,0,0,0.89070636,4.23E+08,0.006436717,115.22695,102.63338
0,0,0,1,0,0,0,0,0,0.88909596,4.50E+08,0.006223714,116.38319,103.47582
0,0,0,1,0,0,0,0,0,1.1015681,5.14E+08,0.005449398,108.36591,119.37243
0,0,0,1,0,0,0,0,0,0.94540173,6.31E+08,0.005673065,123.73931,116.98336
0,0,0,1,0,0,0,0,0,1.2026112,4.59E+08,0.005572342,102.09012,122.77472
0,0,0,1,0,0,0,0,0,0.75406039,4.49E+08,0.00712872,128.55652,96.939377
0,0,0,1,0,0,0,0,0,1.2093405,4.47E+08,0.005577267,100.99373,122.1358
0,0,0,1,0,0,0,0,0,0.9198941,6.33E+08,0.005617102,124.57616,114.59687
0,0,0,1,0,0,0,0,0,0.64582425,5.03E+08,0.007668606,144.03174,93.019188
0,0,0,1,0,0,0,0,0,0.62654316,4.94E+08,0.00772051,144.8972,90.784355
0,0,0,1,0,0,0,0,0,0.628483,4.91E+08,0.007712294,144.44998,90.784355
0,0,0,1,0,0,0,0,0,0.628483,4.91E+08,0.007712294,144.44998,90.784355
0,0,0,1,0,0,0,0,0,0.60681164,5.70E+08,0.007499035,152.17953,92.344315
0,0,0,1,0,0,0,0,0,0.59250307,5.64E+08,0.007614776,153.57004,90.990715
0,0,0,1,0,0,0,0,0,0.5796392,5.99E+08,0.007726298,158.61092,91.937103
0,0,0,1,0,0,0,0,0,0.54020107,7.68E+08,0.007932473,177.991,96.150925
0,0,0,0,1,0,0,0,0,1.277513,1.86E+08,0.006874104,79.338951,101.35654
0,0,0,0,1,0,0,0,0,1.9338233,2.30E+08,0.005783413,70.084244,135.53055
0,0,0,0,1,0,0,0,0,0.69072723,2.44E+08,0.009287863,117.85994,81.409073
0,0,0,0,1,0,0,0,0,1.8078005,2.43E+08,0.005843507,73.223175,132.37289
0,0,0,0,1,0,0,0,0,1.2289656,3.74E+08,0.00580399,95.935135,117.90099
0,0,0,0,1,0,0,0,0,1.8247663,2.48E+08,0.005820587,73.401398,133.9404
0,0,0,0,1,0,0,0,0,1.3529412,2.53E+08,0.006361269,84.145706,113.84419
0,0,0,0,1,0,0,0,0,1.4011713,3.58E+08,0.005647305,89.682304,125.66027
0,0,0,0,1,0,0,0,0,1.6284971,3.10E+08,0.005646798,81.314827,132.42096
0,0,0,0,1,0,0,0,0,0.70107347,3.02E+08,0.00862992,122.95841,86.202881
0,0,0,0,1,0,0,0,0,1.455897,2.52E+08,0.00616099,81.05822,118.01242
0,0,0,0,1,0,0,0,0,1.8904109,2.69E+08,0.005473001,73,138
0,0,0,0,1,0,0,0,0,1.7041421,2.57E+08,0.005716736,75.579094,128.79752
0,0,0,0,1,0,0,0,0,1.2714895,5.29E+08,0.005171435,102.48635,130.31032
0,0,0,0,1,0,0,0,0,0.60021317,2.19E+08,0.01025163,123.16545,73.925529
0,0,0,0,1,0,0,0,0,1.3252491,2.67E+08,0.006061326,84.857239,112.45698
0,0,0,0,1,0,0,0,0,0.47793382,2.73E+08,0.011399612,148.21284,70.83593
0,0,0,0,1,0,0,0,0,0.50438756,5.09E+08,0.008786029,164.25616,82.84877
0,0,0,0,1,0,0,0,0,0.46712014,4.27E+08,0.009661984,164.09795,76.653458
0,0,0,0,1,0,0,0,0,0.5253275,5.41E+08,0.008697604,164.8378,86.593826
0,0,0,0,1,0,0,0,0,0.42768848,3.24E+08,0.011176312,161.8,69.199997
0,0,0,0,1,0,0,0,0,0.44890508,2.88E+08,0.010928947,151.98785,68.228119
0,0,0,0,1,0,0,0,0,0.51899594,4.92E+08,0.008871756,161.38589,83.758629
0,0,0,0,1,0,0,0,0,0.43726236,5.01E+08,0.009066748,173.18671,75.728027
0,0,0,0,1,0,0,0,0,0.46674132,5.92E+08,0.008500424,175.31061,81.824707
0,0,0,0,1,0,0,0,0,2.3469391,3.62E+08,0.004314411,69.296455,162.63455
0,0,0,0,1,0,0,0,0,2.4019606,4.45E+08,0.004050694,72.124893,173.24115
0,0,0,0,1,0,0,0,0,2.1379311,5.85E+08,0.004031555,82.024384,175.36249
0,0,0,0,1,0,0,0,0,2.3703704,5.68E+08,0.003715792,76.367523,181.01932
0,0,0,0,1,0,0,0,0,2.5124116,5.02E+08,0.003770955,72.212799,181.42827
0,0,0,0,1,0,0,0,0,2.422574,5.54E+08,0.00384807,76.053497,184.24522
0,0,0,0,1,0,0,0,0,0.47723702,6.58E+08,0.00799671,176.67201,84.314423
0,0,0,0,1,0,0,0,0,0.48449475,4.65E+08,0.008686319,160.95706,77.982849
0,0,0,0,1,0,0,0,0,0.46311471,5.56E+08,0.008552145,172.53406,79.903061
0,0,0,0,1,0,0,0,0,0.35925928,4.63E+08,0.010800401,190.91881,68.589355
0,0,0,0,1,0,0,0,0,0.45283952,4.67E+08,0.009227222,168.1671,76.15271
0,0,0,0,1,0,0,0,0,0.41886792,6.01E+08,0.009173741,187.3833,78.488853
0,0,0,0,1,0,0,0,0,0.39622638,5.56E+08,0.009370998,187.3833,74.246208
0,0,0,0,1,0,0,0,0,0.40754712,5.82E+08,0.00921767,187.3833,76.367523
0,0,0,0,1,0,0,0,0,0.43286934,6.15E+08,0.008899675,184.94229,80.055847
0,0,0,0,1,0,0,0,0,0.41176468,5.06E+08,0.009548444,180.31223,74.246208
0,0,0,0,1,0,0,0,0,0.51480263,6.17E+08,0.008001138,168.62885,86.810577
0,0,0,0,1,0,0,0,0,0.4159703,5.44E+08,0.009631223,184.70398,76.831367
0,0,0,0,1,0,0,0,0,0.42164183,6.47E+08,0.00887608,189.50459,79.903061
0,0,0,0,1,0,0,0,0,0.46124035,6.73E+08,0.008323408,182.43353,84.145706
0,0,0,0,1,0,0,0,0,0.37012681,4.63E+08,0.010411751,186.72565,69.112167
0,0,0,0,1,0,0,0,0,0.37931031,4.04E+08,0.010716655,178.71237,67.787445
0,0,0,0,1,0,0,0,0,0.39078015,4.66E+08,0.009866134,180.53201,70.548325
0,0,0,0,1,0,0,0,0,0.42634317,5.59E+08,0.008930581,180.22452,76.837494
0,0,0,0,1,0,0,0,0,0.42736289,5.47E+08,0.0090207,179.42972,76.681602
0,0,0,0,1,0,0,0,0,0.50508124,5.17E+08,0.008535268,163.43353,82.547211
0,0,0,0,1,0,0,0,0,0.45571658,5.25E+08,0.008875139,172.23441,78.490074
0,0,0,0,1,0,0,0,0,0.42168674,4.78E+08,0.009630918,176.06958,74.246208
0,0,0,0,1,0,0,0,0,0.39147288,4.71E+08,0.010086608,182.43355,71.417786
0,0,0,0,1,0,0,0,0,0.51653475,6.96E+08,0.007746268,173.43303,89.584183
0,0,0,0,1,0,0,0,0,0.43562371,4.99E+08,0.009242929,174.25522,75.909706
0,0,0,0,1,0,0,0,0,0.33628756,4.15E+08,0.011301822,191.06041,64.251236
0,0,0,0,1,0,0,0,0,0.36923078,4.26E+08,0.010760934,183.84775,67.882248
0,0,0,0,1,0,0,0,0,0.50200808,6.82E+08,0.008032778,176.06958,88.388351
0,0,0,0,1,0,0,0,0,0.43459916,4.34E+08,0.009428779,167.5843,72.832001
0,0,0,0,1,0,0,0,0,0.46948683,7.14E+08,0.007983174,182.40015,85.634468
0,0,0,0,1,0,0,0,0,0.55084747,7.02E+08,0.007290891,166.87718,91.923874
0,0,0,0,1,0,0,0,0,0.47431505,4.65E+08,0.008675594,161.97246,76.825974
0,0,0,0,1,0,0,0,0,0.41407228,4.35E+08,0.010057515,174.19514,72.129379
0,0,0,0,1,0,0,0,0,0.45757866,4.50E+08,0.008940876,163.82628,74.963409
0,0,0,0,1,0,0,0,0,0.93752307,4.85E+08,0.005922872,115.29246,108.08934
0,0,0,0,1,0,0,0,0,1.0133332,3.89E+08,0.006213583,106.06602,107.48022
0,0,0,0,1,0,0,0,0,3.2777777,46784856,0.0065375,36,118
0,0,0,0,1,0,0,0,0,0.75579971,3908819.5,0.02357823,39.358635,29.747246
0,0,0,0,1,0,0,0,0,0.61526948,18007756,0.017898863,63.982796,39.366661
0,0,0,0,1,0,0,0,0,1.6744186,28368050,0.00938577,43,72
0,0,0,0,1,0,0,0,0,0.73108387,15016421,0.017100051,56.000111,40.940777
0,0,0,0,1,0,0,0,0,0.81388885,11930363,0.017364468,50.300621,40.939114
0,0,0,0,1,0,0,0,0,1.5384614,5465611,0.015685229,30.315937,46.6399
0,0,0,0,1,0,0,0,0,3.5652175,10104059,0.008586252,23,82
0,0,0,0,1,0,0,0,0,2.9230769,10487759,0.009797326,26,76
0,0,0,0,1,0,0,0,0,3.2285714,44898472,0.006166134,35,113
0,0,0,0,1,0,0,0,0,2.4909091,1.48E+08,0.005588083,55,137
0,0,0,0,1,0,0,0,0,0.64198518,99314048,0.011939774,97.383179,62.518555
0,0,0,0,1,0,0,0,0,2.454746,1.54E+08,0.005644896,56.187729,137.92661
0,0,0,0,1,0,0,0,0,4,30488698,0.006399486,29,116
0,0,0,0,1,0,0,0,0,1.5272727,60002964,0.008469582,55,84
0,0,0,0,1,0,0,0,0,1.6046512,24398320,0.01045818,43,69
0,0,0,0,1,0,0,0,0,1.0566038,6844482,0.016251152,37.476658,39.59798
0,0,0,0,1,0,0,0,0,1.9411764,68396168,0.007529633,51,99
0,0,0,0,1,0,0,0,0,0.50333333,38265184,0.0160724,84.852821,42.709251
0,0,0,0,1,0,0,0,0,1.2103747,1.15E+09,0.004488963,128.87256,155.98409
0,0,0,0,1,0,0,0,0,0.99337089,6.77E+08,0.009753893,149.21719,148.22801
0,0,0,0,1,0,0,0,0,1,7.41E+08,0.008926623,149,149
0,0,0,0,1,0,0,0,0,0.77142859,9.95E+08,0.005809592,155.31606,119.81525
0,0,0,0,1,0,0,0,0,0.97927469,9.28E+08,0.005365073,136.4716,133.64319
0,0,0,0,1,0,0,0,0,0.89473683,9.22E+08,0.006264152,147.78529,132.22894
0,0,0,0,1,0,0,0,0,0.8237409,1.02E+09,0.005289513,148.32138,122.17839
0,0,0,0,1,0,0,0,0,1.4460685,9.28E+08,0.004224892,110.69299,160.06964
0,0,0,0,1,0,0,0,0,0.93907404,1.03E+09,0.005353163,143.39702,134.66042
0,0,0,0,1,0,0,0,0,0.70247936,3.03E+08,0.008220132,121,85
0,0,0,0,1,0,0,0,0,0.83933049,4.62E+08,0.006483507,121.33388,101.83923
0,0,0,0,1,0,0,0,0,1.2171946,4.57E+08,0.005143359,98.834198,120.30045
0,0,0,0,1,0,0,0,0,1.0859107,5.21E+08,0.005274804,108.14929,117.44048
0,0,0,0,1,0,0,0,0,0.81658411,3.65E+08,0.007113491,116.74904,95.335411
0,0,0,0,0,1,0,0,0,1.75,1.59E+08,0.00576082,64,112
0,0,0,0,0,1,0,0,0,1.5735294,1.51E+08,0.00653788,68,107
0,0,0,0,0,1,0,0,0,1.740458,59522324,0.007933366,51.382427,89.428955
0,0,0,0,0,1,0,0,0,1.5714285,1.66E+08,0.006477695,70,110
0,0,0,0,0,1,0,0,0,1.6110493,2.01E+08,0.005971922,71.910675,115.85165
0,0,0,0,0,1,0,0,0,0.59557921,1.15E+08,0.010951346,101.76958,60.611847
0,0,0,0,0,1,0,0,0,0.62373215,2.14E+08,0.009565336,117.96776,73.580284
0,0,0,0,0,1,0,0,0,1.6599257,1.96E+08,0.005952951,70.515114,117.04985
0,0,0,0,0,1,0,0,0,1.4678471,1.22E+08,0.007187016,66.931908,98.245804
0,0,0,0,0,1,0,0,0,1.5049636,1.45E+08,0.007058799,69.730202,104.94142
0,0,0,0,0,1,0,0,0,1.4783084,71670568,0.008003999,57.891872,85.582047
0,0,0,0,0,1,0,0,0,1.7756293,1.12E+08,0.006963215,60.322998,107.11128
0,0,0,0,0,1,0,0,0,0.6111111,67032428,0.013292074,90,55
0,0,0,0,0,1,0,0,0,0.59438854,1.68E+08,0.01022132,113.05218,67.196922
0,0,0,0,0,1,0,0,0,0.58794796,3.51E+08,0.009170702,139.83012,82.212837
0,0,0,0,0,1,0,0,0,1.272738,5.38E+08,0.005482361,105.05365,133.70576
0,0,0,0,0,1,0,0,0,1.5237603,3.80E+08,0.0054534,87.909233,133.95261
0,0,0,0,0,1,0,0,0,0.85326487,7.21E+08,0.005824497,135.03256,115.21854
0,0,0,0,0,1,0,0,0,0.78947371,5.66E+08,0.00656471,133,105
0,0,0,0,0,1,0,0,0,1.3642987,5.32E+08,0.005430072,101.94674,139.0858
0,0,0,0,0,1,0,0,0,0.84285116,6.11E+08,0.006494816,133.0314,112.12567
0,0,0,0,0,1,0,0,0,1.145371,6.54E+08,0.005384877,115.43165,132.21205
0,0,0,0,0,1,0,0,0,1.1901093,4.96E+08,0.00573867,106.13168,126.3083
0,0,0,0,0,1,0,0,0,0.73214668,5.35E+08,0.007054342,137.13223,100.40091
0,0,0,0,0,1,0,0,0,1.1710899,6.65E+08,0.005631228,116.92804,136.93324
0,0,0,0,0,1,0,0,0,1.1806051,7.18E+08,0.005358666,117.66571,138.91673
0,0,0,0,0,1,0,0,0,1.3827882,4.87E+08,0.005317225,97.833,135.28232
0,0,0,0,0,1,0,0,0,0.89629632,7.42E+08,0.005946504,135,121
0,0,0,0,0,1,0,0,0,1.1340488,6.79E+08,0.005479281,117.96423,133.77719
0,0,0,0,0,1,0,0,0,0.79496408,5.46E+08,0.007140166,134.84981,107.20075
0,0,0,0,0,1,0,0,0,0.81833798,7.01E+08,0.006265409,138.95303,113.71054
0,0,0,0,0,1,0,0,0,0.78824085,7.15E+08,0.006815799,145.70148,114.84785
0,0,0,0,0,1,0,0,0,0.87769783,7.70E+08,0.006124705,139,122
0,0,0,0,0,1,0,0,0,0.72710133,4.99E+08,0.007326445,136.00661,98.890587
0,0,0,0,0,1,0,0,0,0.64406627,4.61E+08,0.007815749,140.93845,90.773697
0,0,0,0,0,1,0,0,0,0.99940872,6.88E+08,0.006320024,129.56903,129.49242
0,0,0,0,0,1,0,0,0,0.89999998,8.07E+08,0.006122133,140,126
0,0,0,0,0,1,0,0,0,1.0004586,2.92E+08,0.007513681,103.10527,103.15256
0,0,0,0,0,1,0,0,0,0.86902332,6.34E+08,0.006619213,134.15915,116.58743
0,0,0,0,0,1,0,0,0,0.71051496,2.99E+08,0.008507832,121.46346,86.301605
0,0,0,0,0,1,0,0,0,0.82415628,3.57E+08,0.007278617,116.41358,95.942986
0,0,0,0,0,1,0,0,0,1.2770746,5.36E+08,0.005523027,105.05987,134.16928
0,0,0,0,0,1,0,0,0,0.90042186,3.05E+08,0.007290278,107.28487,96.601646
0,0,0,0,0,1,0,0,0,1.3189572,6.11E+08,0.005622769,109.23409,144.07509
0,0,0,0,0,1,0,0,0,1.0742106,7.12E+08,0.005372185,121.19707,130.19118
0,0,0,0,0,1,0,0,0,0.83188713,5.56E+08,0.006627826,130.3905,108.47018
0,0,0,0,0,1,0,0,0,1.2324089,4.15E+08,0.005895262,99.715118,122.88979
0,0,0,0,0,1,0,0,0,1.0891628,7.35E+08,0.005778772,124.91502,136.0528
0,0,0,0,0,1,0,0,0,0.88275963,5.38E+08,0.00683632,127.7299,112.75481
0,0,0,0,0,1,0,0,0,1.2015421,5.81E+08,0.005835681,112.15654,134.7608
0,0,0,0,0,1,0,0,0,0.75397909,3.91E+08,0.007862361,126.75274,95.568916
0,0,0,0,0,1,0,0,0,0.83969468,5.50E+08,0.006865557,131,110
0,0,0,0,0,1,0,0,0,0.80306607,3.29E+08,0.007536444,115.51709,92.767853
0,0,0,0,0,1,0,0,0,0.69654548,4.61E+08,0.007590802,135.96144,94.703331
0,0,0,0,0,1,0,0,0,1.2247866,6.94E+08,0.005187469,113.70316,139.2621
0,0,0,0,0,1,0,0,0,0.86100584,6.62E+08,0.006847573,138.10025,118.90512
0,0,0,0,0,1,0,0,0,0.87218046,5.97E+08,0.006874058,133,116
0,0,0,0,0,1,0,0,0,0.8067227,3.52E+08,0.007716272,119,96
0,0,0,0,0,1,0,0,0,0.91187733,3.79E+08,0.007365604,115.29051,105.13081
0,0,0,0,0,1,0,0,0,0.86400002,4.91E+08,0.006872666,125,108
0,0,0,0,0,1,0,0,0,1.0276849,6.91E+08,0.006052277,126.73714,130.24585
0,0,0,0,0,1,0,0,0,0.91710776,5.70E+08,0.006515847,126.476,115.99212
0,0,0,0,0,1,0,0,0,0.88812792,7.23E+08,0.006629835,139.21988,123.64507
0,0,0,0,0,1,0,0,0,1.3410355,4.58E+08,0.005599583,98.512253,132.10843
0,0,0,0,0,1,0,0,0,1.0686032,4.00E+08,0.006524091,106.92044,114.25552
0,0,0,0,0,1,0,0,0,0.84178144,5.16E+08,0.006958692,128.70085,108.33799
0,0,0,0,0,1,0,0,0,0.94504273,7.11E+08,0.005984979,131.06096,123.85821
0,0,0,0,0,1,0,0,0,0.91361606,7.08E+08,0.006426261,135.52074,123.81392
0,0,0,0,0,1,0,0,0,1.0255252,2.29E+08,0.008471246,98.093109,100.59695
0,0,0,0,0,1,0,0,0,1.6071517,1.97E+08,0.00751486,77.236786,124.13123
0,0,0,0,0,1,0,0,0,1.5698007,1.49E+08,0.008184142,72.953003,114.52168
0,0,0,0,0,1,0,0,0,1.1519608,10221067,0.015309184,40.800003,47.000004
0,0,0,0,0,1,0,0,0,0.96910745,8817647,0.015633045,41.431576,40.151649
0,0,0,0,0,1,0,0,0,1,5.21E+08,0.005989346,115.99998,115.99998
0,0,0,0,0,1,0,0,0,1.5108696,4.65E+08,0.005060406,92,139
0,0,0,0,0,1,0,0,0,1.4536083,5.00E+08,0.005311964,97,141
0,0,0,0,0,1,0,0,0,1.4648982,4.14E+08,0.005329911,90.997314,133.3018
0,0,0,0,0,1,0,0,0,1.6588235,3.79E+08,0.005371776,85,141
0,0,0,0,0,1,0,0,0,0.85385811,4.78E+08,0.006428011,121.64007,103.86336
0,0,0,0,0,1,0,0,0,0.81427705,5.65E+08,0.006283579,129.672,105.58893
0,0,0,0,0,1,0,0,0,1.7405759,8.23E+08,0.004337183,100.83511,175.51117
0,0,0,0,0,1,0,0,0,1.0244511,5.38E+08,0.005878991,115.59401,118.42041
0,0,0,0,0,1,0,0,0,1.1856353,5.39E+08,0.005313148,106.47059,126.23529
0,0,0,0,0,1,0,0,0,0.7079314,52535120,0.013410783,79.242996,56.098606
0,0,0,0,0,1,0,0,0,0.78873241,44289976,0.012747625,71,56
0,0,0,0,0,1,0,0,0,0.57777786,20174690,0.019555572,69.89222,40.382175
0,0,0,0,0,1,0,0,0,0.67244369,20191600,0.017694697,64.28495,43.228008
0,0,0,0,0,0,1,0,0,0.75372422,5.05E+08,0.00688386,132.11034,99.57476
0,0,0,0,0,0,1,0,0,0.9464761,4.42E+08,0.006176075,112.9678,106.92132
0,0,0,0,0,0,1,0,0,1.4714748,3.90E+08,0.005218824,88.46505,130.17409
0,0,0,0,0,0,1,0,0,1.0235293,6.75E+08,0.005270993,120.20815,123.03657
0,0,0,0,0,0,1,0,0,0.76973772,6.50E+08,0.006244754,138.17438,106.35803
0,0,0,0,0,0,1,0,0,1.1418637,5.63E+08,0.00532331,109.46982,124.99961
0,0,0,0,0,0,1,0,0,0.77337998,5.90E+08,0.006562202,135.79851,105.02385
0,0,0,0,0,0,1,0,0,0.76610893,5.87E+08,0.00657011,136.02794,104.21222
0,0,0,0,0,0,1,0,0,0.95757586,5.03E+08,0.006051436,116.67261,111.72287
0,0,0,0,0,0,1,0,0,1.1164473,6.14E+08,0.005246328,112.98071,126.13701
0,0,0,0,0,0,1,0,0,0.86302614,4.49E+08,0.006513984,119.18031,102.85572
0,0,0,0,0,0,1,0,0,0.86835313,5.57E+08,0.006091788,124.99808,108.54247
0,0,0,0,0,0,1,0,0,1.2875512,5.43E+08,0.004960972,101.53396,130.73016
0,0,0,0,0,0,1,0,0,0.77161103,5.97E+08,0.006421128,135.45572,104.51913
0,0,0,0,0,0,1,0,0,0.81317019,5.13E+08,0.006448673,126.72085,103.04562
0,0,0,0,0,0,1,0,0,1.3191288,5.11E+08,0.004888507,98.206009,129.54637
0,0,0,0,0,0,1,0,0,0.77161103,5.98E+08,0.006416869,135.45572,104.51913
0,0,0,0,0,0,1,0,0,1.0769598,6.19E+08,0.005640342,117.49844,126.5411
0,0,0,0,0,0,1,0,0,0.89348787,5.72E+08,0.006478643,127.49187,113.91245
0,0,0,0,0,0,1,0,0,0.7591241,6.19E+08,0.006302689,137,104
0,0,0,0,0,0,1,0,0,1.4629294,5.31E+08,0.00477672,95.330673,139.46204
0,0,0,0,0,0,1,0,0,1.1946199,7.09E+08,0.004907413,113.34673,135.40625
0,0,0,0,0,0,1,0,0,1.0117646,5.78E+08,0.006077042,120.20815,121.62235
0,0,0,0,0,0,1,0,0,0.91516519,6.42E+08,0.005605108,125.30402,114.67387
0,0,0,0,0,0,1,0,0,1.0435324,5.41E+08,0.005962031,115.63857,120.67259
0,0,0,0,0,0,1,0,0,1.1208842,6.28E+08,0.005333787,114.29447,128.11087
0,0,0,0,0,0,1,0,0,0.98850572,6.21E+08,0.005924867,123.03657,121.62235
0,0,0,0,0,0,1,0,0,1.1209458,4.77E+08,0.00590696,107.89777,120.94756
0,0,0,0,0,0,1,0,0,1.0119047,5.81E+08,0.005843197,118.79394,120.20815
0,0,0,0,0,0,1,0,0,0.82246733,6.01E+08,0.006142342,130.91254,107.67129
0,0,0,0,0,0,1,0,0,0.951823,8.10E+08,0.005476143,132.55286,126.16685
0,0,0,0,0,0,1,0,0,0.98212188,6.65E+08,0.005681294,124.35938,122.13606
0,0,0,0,0,0,1,0,0,0.93854177,7.10E+08,0.005694486,129.15315,121.21563
0,0,0,0,0,0,1,0,0,0.93997329,6.76E+08,0.005889045,128.40594,120.69816
0,0,0,0,0,0,1,0,0,0.99861115,6.01E+08,0.005949409,121.43561,121.26695
0,0,0,0,0,0,1,0,0,0.96932513,6.58E+08,0.005787226,125.22008,121.37897
0,0,0,0,0,0,1,0,0,0.8142857,7.41E+08,0.006032347,140,114
0,0,0,0,0,0,1,0,0,0.91047305,4.53E+08,0.006677084,118.4,107.80001
0,0,0,0,0,0,1,0,0,0.89704871,4.61E+08,0.00662078,119.36209,107.07361
0,0,0,0,0,0,1,0,0,0.9042033,4.60E+08,0.006618377,118.92134,107.52907
0,0,0,0,0,0,1,0,0,0.9806034,4.69E+08,0.006463227,115.59932,113.35709
0,0,0,0,0,0,1,0,0,0.96958947,5.61E+08,0.00601569,120.29593,116.63766
0,0,0,0,0,0,1,0,0,0.98859262,3.98E+08,0.00676776,110.87946,109.61461
0,0,0,0,0,0,1,0,0,1.0496894,5.65E+08,0.005478305,113.84419,119.50104
0,0,0,0,0,0,1,0,0,0.76360297,4.61E+08,0.007109503,128.96051,98.474632
0,0,0,0,0,0,1,0,0,1.0629801,3.30E+08,0.006762958,101.66912,108.07224
0,0,0,0,0,0,1,0,0,0.97198272,6.39E+08,0.005750382,123.61254,120.14925
0,0,0,0,0,0,1,0,0,0.97303921,4.61E+08,0.006444004,115.14423,112.03986
0,0,0,0,0,0,1,0,0,1.0244768,4.98E+08,0.006078518,113.85834,116.64522
0,0,0,0,0,0,1,0,0,1.2347773,6.85E+08,0.005039329,111.82822,138.08296
0,0,0,0,0,0,1,0,0,0.93916309,4.28E+08,0.006842974,115.96579,108.91079
0,0,0,0,0,0,1,0,0,1.1335512,5.69E+08,0.005733198,112.8653,127.93861
0,0,0,0,0,0,1,0,0,1.0169777,6.04E+08,0.005779973,119.74769,121.78073
0,0,0,0,0,0,1,0,0,1.1254125,5.98E+08,0.005480902,113.32539,127.5378
0,0,0,0,0,0,1,0,0,0.98773021,4.63E+08,0.006535281,115.25839,113.84419
0,0,0,0,0,0,1,0,0,1.0337077,7.80E+08,0.005286327,125.86501,130.10764
0,0,0,0,0,0,1,0,0,0.86956519,8.25E+08,0.00554172,138,120
0,0,0,0,0,0,1,0,0,1.1061785,4.21E+08,0.006394485,106.7584,118.09385
0,0,0,0,0,0,1,0,0,1.0263159,3.72E+08,0.006844916,107.48022,110.30865
0,0,0,0,0,0,1,0,0,0.88007051,3.52E+08,0.007289582,113.40002,99.800011
0,0,0,0,0,0,1,0,0,0.81699002,5.05E+08,0.006968213,129.15834,105.52107
0,0,0,0,0,0,1,0,0,1.1075044,3.68E+08,0.006456316,102.347,113.34975
0,0,0,0,0,0,1,0,0,0.9004271,4.94E+08,0.006658652,122.22343,110.05328
0,0,0,0,0,0,1,0,0,0.99240351,5.61E+08,0.006030249,119.4787,118.57108
0,0,0,0,0,0,1,0,0,0.93790436,5.18E+08,0.0063691,120.72232,113.22599
0,0,0,0,0,0,1,0,0,0.96950769,1.19E+09,0.005627993,151.22977,146.61842
0,0,0,0,0,0,1,0,0,0.98749995,1.19E+09,0.005502821,149.29648,147.43027
0,0,0,0,0,0,1,0,0,1,3.71E+08,0.006234978,105,105
0,0,0,0,0,0,1,0,0,1.1923077,5.13E+08,0.005224252,104,124
0,0,0,0,0,0,1,0,0,0.9784236,3.28E+08,0.006630404,103.54868,101.31448
0,0,0,0,0,0,1,0,0,0.96781111,3.03E+08,0.006593701,101.0896,97.83564
0,0,0,0,0,0,1,0,0,0.92810452,7.67E+08,0.005446675,131.0593,121.63673
0,0,0,0,0,0,1,0,0,1.0925926,4.78E+08,0.005764444,108,118
0,0,0,0,0,0,1,0,0,0.82444441,4.77E+08,0.006727388,124.80756,102.89689
0,0,0,0,0,0,1,0,0,1.8378378,2.67E+08,0.005572939,74,136
0,0,0,0,0,0,1,0,0,0.6762712,20989478,0.016246678,63.174007,42.722763
0,0,0,0,0,0,1,0,0,0.90783954,83802560,0.009605288,76.250526,69.223244
0,0,0,0,0,0,1,0,0,1.0143305,1.24E+08,0.008032042,78.849953,79.979912
0,0,0,0,0,0,1,0,0,0.96714121,1.40E+08,0.00799122,83.258438,80.522667
0,0,0,0,0,0,1,0,0,0.96953011,56188168,0.010205084,66.622879,64.592888
0,0,0,0,0,0,1,0,0,1.1400427,1.20E+08,0.017384145,97.203217,110.81581
0,0,0,0,0,0,1,0,0,1.6993319,2.25E+08,0.008020794,80.933388,137.53268
0,0,0,0,0,0,1,0,0,1.0363424,1.36E+08,0.007877077,80.243492,83.159729
0,0,0,0,0,0,1,0,0,1.0025024,2.37E+08,0.006888891,93.360413,93.59404
0,0,0,0,0,0,1,0,0,1.047244,2.21E+08,0.006856587,89.802559,94.045189
0,0,0,0,0,0,1,0,0,1.0754505,1.75E+08,0.007174548,83.536011,89.838844
0,0,0,0,0,0,1,0,0,1.0251045,1.46E+08,0.007731944,81.976326,84.034302
0,0,0,0,0,0,1,0,0,1.0106384,59839984,0.009919112,66.468033,67.17514
0,0,0,0,0,0,1,0,0,0.81818181,70508744,0.010595196,77,63
0,0,0,0,0,0,1,0,0,1.010989,65535632,0.009568469,67.688438,68.432266
0,0,0,0,0,0,1,0,0,1.001755,64889808,0.009828659,68.27993,68.399765
0,0,0,0,0,0,1,0,0,1.05706,42483392,0.010328141,59.206661,62.584991
0,0,0,0,0,0,1,0,0,1.008786,1.15E+08,0.008550206,78.673698,79.364922
0,0,0,0,0,0,1,0,0,0.95026177,89344944,0.00948601,76.400017,72.600014
0,0,0,0,0,0,1,0,0,1.5204511,5.62E+08,0.004533814,94.25412,143.30878
0,0,0,0,0,0,1,0,0,0.6766066,5.04E+08,0.007200576,138.89948,93.980301
0,0,0,0,0,0,1,0,0,1.4384724,4.74E+08,0.005045429,94.057861,135.29964
0,0,0,0,0,0,1,0,0,0.74992305,6.43E+08,0.006308957,139.31004,104.47181
0,0,0,0,0,0,1,0,0,0.79141414,2.76E+08,0.007934714,111.38486,88.151558
0,0,0,0,0,0,1,0,0,0.78201628,87908328,0.012547021,89.010574,69.607719
0,0,0,0,0,0,0,1,0,0.37198067,1.68E+08,0.013882505,146.37109,54.447216
0,0,0,0,0,0,0,1,0,0.32258064,1.50E+08,0.015497774,153.44217,49.497475
0,0,0,0,0,0,0,1,0,0.36489606,1.18E+08,0.015905861,136.92661,49.963978
0,0,0,0,0,0,0,1,0,0.3799324,1.45E+08,0.013969824,138.52612,52.630562
0,0,0,0,0,0,0,1,0,0.3507109,1.64E+08,0.014197652,149.19952,52.325901
0,0,0,0,0,0,0,1,0,0.34999999,2.10E+08,0.014023482,161.32648,56.464268
0,0,0,0,0,0,0,1,0,0.44863385,1.78E+08,0.012806907,136.48442,61.231533
0,0,0,0,0,0,0,1,0,0.3779141,1.03E+08,0.015140994,127.28162,48.101517
0,0,0,0,0,0,0,1,0,0.38121545,1.05E+08,0.015182268,127.98633,48.790367
0,0,0,0,0,0,0,1,0,0.43271104,2.29E+08,0.011934707,146.73445,63.493618
0,0,0,0,0,0,0,1,0,0.32195121,1.15E+08,0.016993474,144.95688,46.669041
0,0,0,0,0,0,0,1,0,0.34910485,3.31E+08,0.012687313,181.81131,63.47121
0,0,0,0,0,0,0,1,0,0.32936293,1.30E+08,0.016926538,149.63383,49.283836
0,0,0,0,0,0,0,1,0,0.32307693,2.88E+08,0.013938458,183.84775,59.396965
0,0,0,0,0,0,0,1,0,0.31674209,1.56E+08,0.01548798,156.2706,49.497475
0,0,0,0,0,0,0,1,0,0.33990148,1.22E+08,0.016472869,143.54268,48.790367
0,0,0,0,0,0,0,1,0,0.3547855,2.73E+08,0.012329228,168.07416,59.630272
0,0,0,0,0,0,0,1,0,0.3348017,1.99E+08,0.01389444,160.51324,53.740108
0,0,0,0,0,0,0,1,0,0.3488372,1.61E+08,0.015206505,152.02795,53.033005
0,0,0,0,0,0,0,1,0,0.84702539,3.23E+08,0.007034998,110.25868,93.391907
0,0,0,0,0,0,0,1,0,1.097015,2.95E+08,0.006328714,94.752296,103.94469
0,0,0,0,0,0,0,1,0,2.0476191,1.84E+08,0.005560537,63,129
0,0,0,0,0,0,0,1,0,2.2079208,3.55E+08,0.00453117,71.417786,157.68481
0,0,0,0,0,0,0,1,0,2.1638591,4.32E+08,0.004378518,75.909706,164.25792
0,0,0,0,0,0,0,1,0,1.7044675,4.01E+08,0.004710961,82.124931,139.97928
0,0,0,0,0,0,0,1,0,1.6838489,4.85E+08,0.00464294,87.422478,147.20624
0,0,0,0,0,0,0,1,0,1.9386975,5.76E+08,0.004205603,85.493401,165.74583
0,0,0,0,0,0,0,1,0,2.0279794,6.03E+08,0.004079095,84.636093,171.64024
0,0,0,0,0,0,0,1,0,2.4537041,5.60E+08,0.003905799,76.367523,187.3833
0,0,0,0,0,0,0,1,0,2.4549551,4.93E+08,0.003994169,73.744385,181.03915
0,0,0,0,0,0,0,1,0,2.1891088,6.71E+08,0.003851087,83.875938,183.61356
0,0,0,0,0,0,0,1,0,2.1760902,7.32E+08,0.003701662,85.379311,185.79309
0,0,0,0,0,0,0,1,0,2.7368419,4.23E+08,0.003921737,67.17514,183.84775
0,0,0,0,0,0,0,1,0,2.4841437,5.02E+08,0.003991297,73.870193,183.50418
0,0,0,0,0,0,0,1,0,0.30421159,2.02E+08,0.015580338,173.06308,52.647797
0,0,0,0,0,0,0,1,0,0.27675277,2.67E+08,0.014568104,191.62593,53.033009
0,0,0,0,0,0,0,1,0,0.46550387,1.61E+08,0.012329014,128.83905,59.975079
0,0,0,0,0,0,0,1,0,2.4258912,1.63E+08,0.0052429,56.027718,135.91714
0,0,0,0,0,0,0,1,0,0.292698,1.84E+08,0.015396234,169.17062,49.515903
0,0,0,0,0,0,0,1,0,0.33333331,1.84E+08,0.013995497,156.97771,52.325901
0,0,0,0,0,0,0,1,0,0.34776539,2.54E+08,0.012647344,166.46661,57.891327
0,0,0,0,0,0,0,1,0,0.3643744,3.04E+08,0.012086033,171.54716,62.507397
0,0,0,0,0,0,0,1,0,0.36069402,2.83E+08,0.012372372,169.40045,61.10173
0,0,0,0,0,0,0,1,0,0.296,2.45E+08,0.013367186,176.77669,52.325901
0,0,0,0,0,0,0,1,0,0.2967293,2.94E+08,0.013076158,186.4754,55.332714
0,0,0,0,0,0,0,1,0,0.30081299,2.25E+08,0.014100025,173.94827,52.325901
0,0,0,0,0,0,0,1,0,0.32567048,3.25E+08,0.012610675,184.55487,60.104073
0,0,0,0,0,0,0,1,0,0.27715355,2.77E+08,0.013486309,188.79752,52.325901
0,0,0,0,0,0,0,1,0,0.27437502,2.27E+08,0.015520544,185.99622,51.032715
0,0,0,0,0,0,0,1,0,0.28731564,2.39E+08,0.014924069,183.84857,52.822571
0,0,0,0,0,0,0,1,0,0.40374613,3.64E+08,0.010810035,169.55154,68.45578
0,0,0,0,0,0,0,1,0,0.30075192,2.84E+08,0.014087603,188.09038,56.568542
0,0,0,0,0,0,0,1,0,0.29313663,2.76E+08,0.01402295,187.5966,54.991436
0,0,0,0,0,0,0,1,0,0.27757472,2.55E+08,0.014429032,187.85211,52.142998
0,0,0,0,0,0,0,1,0,0.30585796,2.68E+08,0.013659128,181.46506,55.502533
0,0,0,0,0,0,0,1,0,0.24074075,2.09E+08,0.016058026,190.91881,45.961937
0,0,0,0,0,0,0,1,0,0.28620222,2.66E+08,0.014163217,187.44597,53.647453
0,0,0,0,0,0,0,1,0,0.27519381,2.23E+08,0.014973369,182.43355,50.204582
0,0,0,0,0,0,0,1,0,0.28041011,2.61E+08,0.014486379,188.90369,52.970501
0,0,0,0,0,0,0,1,0,0.27675277,2.67E+08,0.014568104,191.62593,53.033009
0,0,0,0,0,0,0,1,0,0.26114231,2.23E+08,0.015070691,186.06998,48.590744
0,0,0,0,0,0,0,1,0,0.33498758,3.98E+08,0.011320299,188.8141,63.250378
0,0,0,0,0,0,0,1,0,0.33061227,2.64E+08,0.013012148,173.24115,57.27565
0,0,0,0,0,0,0,1,0,0.29363868,2.83E+08,0.013121698,184.85165,54.279594
0,0,0,0,0,0,0,1,0,0.3627907,1.92E+08,0.013244486,152.02795,55.154327
0,0,0,0,0,0,0,1,0,0.29545459,2.83E+08,0.013594602,186.67616,55.154327
0,0,0,0,0,0,0,1,0,0.34090054,1.55E+08,0.014357097,148.44565,50.605202
0,0,0,0,0,0,0,1,0,0.35130718,2.89E+08,0.012406862,172.24066,60.509384
0,0,0,0,0,0,0,1,0,0.35156253,3.59E+08,0.0116305,181.01932,63.63961
0,0,0,0,0,0,0,1,0,1.5641025,2.73E+08,0.005433253,78,122
0,0,0,0,0,0,0,1,0,0.6254257,2.80E+08,0.008628835,124.59222,77.923172
0,0,0,0,0,0,0,1,0,1.828125,1.57E+08,0.006100333,64,117
0,0,0,0,0,0,0,1,0,1.3333334,3.29E+08,0.005537671,88.060791,117.41439
0,0,0,0,0,0,0,1,0,1.5312499,1.74E+08,0.006296013,71.001625,108.72123
0,0,0,0,0,0,0,1,0,0.38419622,2.51E+08,0.01354429,164.12738,63.057117
0,0,0,0,0,0,0,1,0,1.7214954,2.46E+08,0.005560224,73.487892,126.50906
0,0,0,0,0,0,0,1,0,1.8695651,2.24E+08,0.005477711,68.999985,128.99997
0,0,0,0,0,0,0,1,0,1.8985507,2.36E+08,0.005285317,68.999985,130.99997
0,0,0,0,0,0,0,1,0,0.58071744,1.47E+08,0.010843333,111.11487,64.526344
0,0,0,0,0,0,0,1,0,2.121212,2.33E+08,0.005228818,66,140
0,0,0,0,0,0,0,1,0,1.6609881,2.08E+08,0.006028276,72.315605,120.11536
0,0,0,0,0,0,0,1,0,2.1111112,2.07E+08,0.005109007,63,133
0,0,0,0,0,0,0,1,0,0.53390449,3.11E+08,0.011528005,149.79623,79.976883
0,0,0,0,0,0,0,1,0,0.52032173,82922328,0.014885783,105.85558,55.078957
0,0,0,0,0,0,0,1,0,0.55716813,58581924,0.015243872,92.885422,51.752796
0,0,0,0,0,0,0,1,0,0.41877031,1.26E+08,0.017471094,137.84264,57.724403
0,0,0,0,0,0,0,1,0,0.41766563,1.09E+08,0.018962484,135.41566,56.558468
0,0,0,0,0,0,0,1,0,2.0441177,2.73E+08,0.004708409,68,139
0,0,0,0,0,0,0,1,0,2.4594595,40863880,0.006097264,36.999992,90.999985
0,0,0,0,0,0,0,1,0,2.1777778,61533920,0.006450098,44.999992,97.999985
0,0,0,0,0,0,0,1,0,2.0612245,74154872,0.006540393,49,101
0,0,0,0,0,0,0,1,0,0.46735016,1.69E+08,0.011241795,126.57238,59.153622
0,0,0,0,0,0,0,1,0,1.6470588,1.71E+08,0.006063031,68,112
0,0,0,0,0,0,0,1,0,1.4228857,2.56E+08,0.006101873,81.832779,116.43868
0,0,0,0,0,0,0,1,0,1.447064,62335356,0.008882808,57.622089,83.382851
0,0,0,0,0,0,0,1,0,1.4788733,40687004,0.009198887,50.204582,74.246216
0,0,0,0,0,0,0,1,0,0.56099105,38074308,0.01647893,82.38694,46.218334
0,0,0,0,0,0,0,1,0,1.7841359,60917720,0.008478728,52.505581,93.677094
0,0,0,0,0,0,0,1,0,1.8788545,34464212,0.008965669,43.485317,81.702583
0,0,0,0,0,0,0,1,0,0.60408002,34512084,0.015599141,76.380493,46.139931
0,0,0,0,0,0,0,1,0,0.76592362,32288708,0.013968371,66.526344,50.954098
0,0,0,0,0,0,0,0,1,0.37499997,3.65E+08,0.011071383,175.36249,65.760925
0,0,0,0,0,0,0,0,1,0.40824473,2.32E+08,0.011997158,150.39999,61.400005
0,0,0,0,0,0,0,0,1,0.4062286,1.31E+08,0.013634492,130.0273,52.820808
0,0,0,0,0,0,0,0,1,0.44789645,2.82E+08,0.010868233,150.59738,67.452034
0,0,0,0,0,0,0,0,1,0.35964909,2.43E+08,0.012426907,161.22034,57.98275
0,0,0,0,0,0,0,0,1,0.43809521,2.54E+08,0.011277678,148.49242,65.053818
0,0,0,0,0,0,0,0,1,0.44023323,3.10E+08,0.010672989,155.52081,68.465431
0,0,0,0,0,0,0,0,1,0.45394254,2.77E+08,0.010456542,147.18732,66.814583
0,0,0,0,0,0,0,0,1,0.37606838,2.97E+08,0.011461344,165.46298,62.225395
0,0,0,0,0,0,0,0,1,0.40455338,2.76E+08,0.011629803,158.36691,64.067871
0,0,0,0,0,0,0,0,1,0.36328629,2.09E+08,0.013163999,155.8,56.600002
0,0,0,0,0,0,0,0,1,0.31056562,1.69E+08,0.01527398,160.69417,49.906086
0,0,0,0,0,0,0,0,1,0.42872009,2.71E+08,0.011433011,153.3923,65.76236
0,0,0,0,0,0,0,0,1,0.35520688,2.32E+08,0.01326099,162.97919,57.891327
0,0,0,0,0,0,0,0,1,0.36347514,2.12E+08,0.013137213,156.42545,56.856762
0,0,0,0,0,0,0,0,1,0.39199996,4.00E+08,0.010839989,176.77669,69.296455
0,0,0,0,0,0,0,0,1,0.42410716,2.99E+08,0.011265405,158.39191,67.17514
0,0,0,0,0,0,0,0,1,0.36170211,2.89E+08,0.012167601,169.46091,61.294369
0,0,0,0,0,0,0,0,1,0.34836066,2.91E+08,0.012306593,172.53406,60.104076
0,0,0,0,0,0,0,0,1,0.3386454,3.06E+08,0.012379306,177.4838,60.104073
0,0,0,0,0,0,0,0,1,0.41101697,3.48E+08,0.010981859,166.87718,68.589355
0,0,0,0,0,0,0,0,1,0.38461539,2.96E+08,0.011755467,165.46298,63.63961
0,0,0,0,0,0,0,0,1,0.46610174,4.70E+08,0.009227085,166.87718,77.781746
0,0,0,0,0,0,0,0,1,0.35857266,85722120,0.01709046,126.88584,45.497795
0,0,0,0,0,0,0,0,1,2.4629629,1.38E+08,0.005605761,54,133
0,0,0,0,0,0,0,0,1,2.7142856,62300512,0.006455678,42,114
0,0,0,0,0,0,0,0,1,2.1361258,1.97E+08,0.005374221,62.800411,134.14958
0,0,0,0,0,0,0,0,1,1.7614212,2.54E+08,0.005485319,73.396767,129.28262
0,0,0,0,0,0,0,0,1,2.1846154,2.28E+08,0.005272303,65,142
0,0,0,0,0,0,0,0,1,0.40447474,1.51E+08,0.013030346,134.54742,54.421036
0,0,0,0,0,0,0,0,1,2.6153846,47991408,0.006465408,39,102
0,0,0,0,0,0,0,0,1,3.6296296,19698750,0.007253455,27,98
0,0,0,0,0,0,0,0,1,0.44335261,1.35E+08,0.012293054,123.25739,54.646488
0,0,0,0,0,0,0,0,1,2.0491803,1.65E+08,0.00564071,61,125
0,0,0,0,0,0,0,0,1,2.2692308,1.10E+08,0.005792303,52,118
0,0,0,0,0,0,0,0,1,2.2264152,1.13E+08,0.005843449,53,118
0,0,0,0,0,0,0,0,1,0.43238866,98807688,0.014049618,117.08924,50.628059
0,0,0,0,0,0,0,0,1,2.1538463,1.01E+08,0.00599093,52,112
0,0,0,0,0,0,0,0,1,0.43145159,1.22E+08,0.013336768,123.57169,53.315201
0,0,0,0,0,0,0,0,1,0.38982505,1.38E+08,0.013081511,132.18971,51.530861
0,0,0,0,0,0,0,0,1,2.1538463,1.01E+08,0.005980774,52,112
0,0,0,0,0,0,0,0,1,0.18623623,1.23E+08,0.020662811,189.62645,35.315315
0,0,0,0,0,0,0,0,1,0.18056659,1.10E+08,0.020537023,184.07971,33.238647
0,0,0,0,0,0,0,0,1,0.17870721,1.10E+08,0.020807968,185.96909,33.234016
0,0,0,0,0,0,0,0,1,0.2059925,1.52E+08,0.018200289,188.79752,38.890873
0,0,0,0,0,0,0,0,1,0.19029854,1.34E+08,0.019280238,189.50459,36.062447
0,0,0,0,0,0,0,0,1,0.19011255,1.21E+08,0.019801646,184.93158,35.157814
0,0,0,0,0,0,0,0,1,0.18320613,1.11E+08,0.021051869,185.26195,33.941124
0,0,0,0,0,0,0,0,1,0.17760617,1.06E+08,0.020645797,183.14066,32.526909
0,0,0,0,0,0,0,0,1,0.18415213,1.36E+08,0.019693609,193.8101,35.690544
0,0,0,0,0,0,0,0,1,0.2,1.40E+08,0.018739412,187.3833,37.476662
0,0,0,0,0,0,0,0,1,0.30081299,2.25E+08,0.014100025,173.94827,52.325901
0,0,0,0,0,0,0,0,1,0.32567048,3.25E+08,0.012610675,184.55487,60.104073
0,0,0,0,0,0,0,0,1,0.28838947,2.96E+08,0.013115996,188.79752,54.447216
0,0,0,0,0,0,0,0,1,0.27715355,2.77E+08,0.013486309,188.79752,52.325901
0,0,0,0,0,0,0,0,1,0.27437502,2.27E+08,0.015520544,185.99622,51.032715
0,0,0,0,0,0,0,0,1,0.28731564,2.39E+08,0.014924069,183.84857,52.822571
0,0,0,0,0,0,0,0,1,0.40374613,3.64E+08,0.010810035,169.55154,68.45578
0,0,0,0,0,0,0,0,1,0.30075192,2.84E+08,0.014087603,188.09038,56.568542
0,0,0,0,0,0,0,0,1,0.27757472,2.55E+08,0.014429032,187.85211,52.142998
0,0,0,0,0,0,0,0,1,0.30585796,2.68E+08,0.013659128,181.46506,55.502533
0,0,0,0,0,0,0,0,1,0.24074075,2.09E+08,0.016058026,190.91881,45.961937
0,0,0,0,0,0,0,0,1,0.28620222,2.66E+08,0.014163217,187.44597,53.647453
0,0,0,0,0,0,0,0,1,0.27519381,2.23E+08,0.014973369,182.43355,50.204582
0,0,0,0,0,0,0,0,1,0.28041011,2.61E+08,0.014486379,188.90369,52.970501
0,0,0,0,0,0,0,0,1,0.27675277,2.67E+08,0.014568104,191.62593,53.033009
0,0,0,0,0,0,0,0,1,0.26114231,2.23E+08,0.015070691,186.06998,48.590744
0,0,0,0,0,0,0,0,1,0.33498758,3.98E+08,0.011320299,188.8141,63.250378
0,0,0,0,0,0,0,0,1,2.5233645,94976176,0.00603833,48.436619,122.22325
0,0,0,0,0,0,0,0,1,0.30396473,1.62E+08,0.015516108,160.51324,48.790367
0,0,0,0,0,0,0,0,1,0.33061227,2.64E+08,0.013012148,173.24115,57.27565
0,0,0,0,0,0,0,0,1,0.29363868,2.83E+08,0.013121698,184.85165,54.279594
0,0,0,0,0,0,0,0,1,0.2811245,2.06E+08,0.014930145,176.06958,49.497475
0,0,0,0,0,0,0,0,1,0.3627907,1.92E+08,0.013244486,152.02795,55.154327
0,0,0,0,0,0,0,0,1,0.29545459,2.83E+08,0.013594602,186.67616,55.154327
0,0,0,0,0,0,0,0,1,0.37231967,1.56E+08,0.01377025,142.28061,52.973869
0,0,0,0,0,0,0,0,1,0.37351355,2.31E+08,0.012625904,157.54587,58.845516
0,0,0,0,0,0,0,0,1,0.34090054,1.55E+08,0.014357097,148.44565,50.605202
0,0,0,0,0,0,0,0,1,0.35130718,2.89E+08,0.012406862,172.24066,60.509384
0,0,0,0,0,0,0,0,1,0.3793014,2.75E+08,0.011723776,162.02925,61.45792
0,0,0,0,0,0,0,0,1,0.27390712,2.48E+08,0.014531638,187.44597,51.342789
0,0,0,0,0,0,0,0,1,3.1100347,3.11E+08,0.003981436,58.362999,181.51096
0,0,0,0,0,0,0,0,1,3.3003194,3.44E+08,0.003678398,57.682312,190.37006
0,0,0,0,0,0,0,0,1,3.1166837,3.49E+08,0.003860147,60.016632,187.05286
0,0,0,0,0,0,0,0,1,3.6064193,2.71E+08,0.003807516,52.280537,188.54553
0,0,0,0,0,0,0,0,1,3.3208556,2.13E+08,0.004354468,51.864471,172.23442
0,0,0,0,0,0,0,0,1,3.3427157,2.05E+08,0.004043442,49.902012,166.80824
0,0,0,0,0,0,0,0,1,3.1916339,2.29E+08,0.004333452,53.807983,171.73538
0,0,0,0,0,0,0,0,1,2.8593955,3.63E+08,0.003972179,63.197613,180.70697
0,0,0,0,0,0,0,0,1,3.1557016,2.59E+08,0.004279317,56.023716,176.79413
0,0,0,0,0,0,0,0,1,3.2769232,3.14E+08,0.003801462,56.65493,185.65385
0,0,0,0,0,0,0,0,1,0.20358534,97055736,0.020763019,170.41653,34.694309
0,0,0,0,0,0,0,0,1,0.34999999,2.84E+08,0.012062124,169.70563,59.396969
0,0,0,0,0,0,0,0,1,0.24031009,1.88E+08,0.015490375,182.43355,43.840622
0,0,0,0,0,0,0,0,1,2.2666667,2.01E+08,0.004874157,60,136
0,0,0,0,0,0,0,0,1,1.3457944,7.10E+08,0.004640992,107,144
0,0,0,0,0,0,0,0,1,3,73190840,0.005649969,41,123
0,0,0,0,0,0,0,0,1,1.6052631,2.64E+08,0.005336715,76,122
0,0,0,0,0,0,0,0,1,0.58739835,1.71E+08,0.010496726,115.16849,67.64978
0,0,0,0,0,0,0,0,1,0.37195122,64015840,0.018122375,115.96552,43.133514
